customer_id,age_group,total_value,avg_risk_score,total_allocation
CUST_00001,46-60,154713.79,2.9,26.24
CUST_00001,18-30,28667.56,5.78,73.76
CUST_00002,60+,141846.32,8.96,64.01
CUST_00002,18-30,12092.72,5.42,23.26
CUST_00002,46-60,96323.07,1.59,12.74
CUST_00003,18-30,32577.98,4.86,31.94
CUST_00003,31-45,87167.05,4.68,7.13
CUST_00003,46-60,57917.01,6.67,35.83
CUST_00003,60+,3125.24,2.84,25.1
CUST_00004,60+,168766.46,5.03,68.43
CUST_00004,31-45,29629.08,4.24,31.57
CUST_00005,18-30,98912.29,5.17,73.13
CUST_00005,60+,42739.1,1.89,8.97
CUST_00005,31-45,29418.43,1.89,17.9
CUST_00006,18-30,68059.33,3.74,20.35
CUST_00006,46-60,97477.64,8.97,15.85
CUST_00006,31-45,74825.39,8.44,63.8
CUST_00007,18-30,252478.52,4.64,77.53
CUST_00007,60+,79751.13,6.37,22.47
CUST_00008,18-30,104262.06,6.31,85.77
CUST_00008,46-60,82103.67,7.19,14.23
CUST_00009,18-30,41859.58,7.78,38.87
CUST_00009,31-45,169910.88,8.54,61.14
CUST_00010,46-60,219608.56,8.96,70.48
CUST_00010,18-30,51681.16,3.93,29.51
CUST_00011,18-30,141135.77,5.78,72.13
CUST_00011,60+,95981.64,1.5,27.87
CUST_00012,60+,68490.08,3.25,83.18
CUST_00012,31-45,98217.96,2.75,16.83
CUST_00013,60+,92396.77,1.56,18.33
CUST_00013,46-60,157531.92,4.83,61.06
CUST_00013,31-45,25083.16,2.6,20.61
CUST_00014,18-30,97038.22,5.92,82.78
CUST_00014,46-60,62956.13,1.86,17.22
CUST_00015,46-60,26743.51,9.92,27.16
CUST_00015,18-30,38679.17,5.46,29.18
CUST_00015,31-45,37882.21,3.45,43.66
CUST_00016,46-60,5005.48,5.04,21.42
CUST_00016,60+,126736.46,2.1,55.53
CUST_00016,31-45,16381.91,4.42,23.04
CUST_00017,31-45,56984.5,9.07,16.82
CUST_00017,18-30,82556.45,5.13,59.92
CUST_00017,60+,49156.23,6.71,23.26
CUST_00018,31-45,48268.37,2.25,30.1
CUST_00018,18-30,112248.83,3.61,46.2
CUST_00018,60+,85102.56,4.24,23.7
CUST_00019,18-30,191938.18,7.75,70.48
CUST_00019,46-60,45126.81,9.34,29.53
CUST_00020,18-30,98432.2,6.7,47.07
CUST_00020,46-60,21101.31,6.3,52.93
CUST_00021,46-60,59393.95,5.8,33.25
CUST_00021,31-45,34286.64,7.36,56.6
CUST_00021,60+,32384.85,2.17,10.15
CUST_00022,60+,163449.0,6.45,47.84
CUST_00022,18-30,83262.01,6.89,52.16
CUST_00023,60+,169434.74,8.28,49.5
CUST_00023,18-30,39118.36,3.4,50.5
CUST_00024,60+,61477.64,3.65,61.21
CUST_00024,46-60,76322.53,8.0,11.58
CUST_00024,18-30,38380.02,6.56,27.21
CUST_00025,60+,107586.33,4.96,56.18
CUST_00025,18-30,161263.75,3.23,43.82
CUST_00026,18-30,86715.54,7.75,30.61
CUST_00026,60+,62065.72,6.2,11.9
CUST_00026,31-45,50665.88,5.5,5.74
CUST_00026,46-60,90471.12,1.13,51.75
CUST_00027,60+,87036.07,5.03,52.55
CUST_00027,46-60,13033.32,5.17,12.38
CUST_00027,31-45,56384.09,3.19,35.07
CUST_00028,31-45,32329.36,9.35,33.23
CUST_00028,18-30,31208.2,3.22,25.85
CUST_00028,46-60,104365.77,6.42,40.92
CUST_00029,31-45,42320.74,2.24,12.15
CUST_00029,46-60,51105.71,7.21,16.94
CUST_00029,60+,60317.62,4.43,70.91
CUST_00030,46-60,36854.89,6.79,15.36
CUST_00030,18-30,35427.34,8.92,25.15
CUST_00030,60+,69184.72,4.71,39.05
CUST_00030,31-45,7315.84,9.9,20.44
CUST_00031,31-45,39877.36,7.5,8.02
CUST_00031,46-60,78637.41,6.24,10.71
CUST_00031,18-30,116123.44,6.52,81.26
CUST_00032,46-60,87524.49,7.21,46.54
CUST_00032,60+,45756.66,4.86,53.47
CUST_00033,46-60,97640.24,2.68,24.66
CUST_00033,18-30,27134.03,5.43,17.66
CUST_00033,31-45,86729.21,6.35,57.67
CUST_00034,18-30,135851.03,2.71,22.3
CUST_00034,60+,35723.95,6.09,77.69
CUST_00035,31-45,135047.53,3.63,49.71
CUST_00035,18-30,47242.9,5.04,30.68
CUST_00035,46-60,58899.72,7.85,19.61
CUST_00036,60+,152185.69,4.4,14.36
CUST_00036,46-60,50833.96,5.69,85.64
CUST_00037,31-45,80691.25,8.23,25.53
CUST_00037,46-60,101978.53,6.62,53.13
CUST_00037,60+,70193.99,2.32,21.34
CUST_00038,60+,75805.18,9.22,6.09
CUST_00038,31-45,114917.24,4.85,93.91
CUST_00039,60+,79145.12,8.68,22.9
CUST_00039,46-60,238652.37,6.58,77.1
CUST_00040,60+,138153.08,3.1,40.03
CUST_00040,46-60,76201.67,1.84,15.26
CUST_00040,18-30,99270.71,6.52,44.7
CUST_00041,18-30,20579.48,3.95,11.28
CUST_00041,60+,20267.85,8.15,10.95
CUST_00041,46-60,108507.99,8.47,77.77
CUST_00042,18-30,157181.17,6.24,68.63
CUST_00042,46-60,48400.69,9.51,31.37
CUST_00043,46-60,26623.24,1.44,25.01
CUST_00043,60+,73873.7,7.43,38.22
CUST_00043,31-45,81195.29,9.05,36.78
CUST_00044,46-60,5300.18,4.03,25.03
CUST_00044,60+,34571.99,9.13,38.74
CUST_00044,18-30,114469.34,3.93,36.24
CUST_00045,18-30,14478.06,4.83,40.0
CUST_00045,60+,63578.17,1.65,18.84
CUST_00045,46-60,98095.05,1.72,41.15
CUST_00046,31-45,74382.07,5.33,16.06
CUST_00046,60+,75015.41,8.23,49.71
CUST_00046,46-60,65123.86,7.55,34.23
CUST_00047,31-45,98565.97,7.44,11.9
CUST_00047,46-60,18306.42,5.8,28.03
CUST_00047,18-30,52762.96,2.59,10.21
CUST_00047,60+,54093.87,3.35,49.85
CUST_00048,46-60,196361.49,2.67,88.63
CUST_00048,18-30,71964.21,1.86,11.36
CUST_00049,60+,245409.99,7.38,67.94
CUST_00049,31-45,81881.96,9.16,32.06
CUST_00050,46-60,47593.31,4.55,5.73
CUST_00050,60+,72362.73,5.75,18.1
CUST_00050,18-30,73398.29,9.21,11.35
CUST_00050,31-45,69947.4,9.68,64.82
CUST_00051,46-60,43471.81,2.29,55.23
CUST_00051,60+,63664.27,2.5,14.21
CUST_00051,18-30,41954.12,6.66,30.57
CUST_00052,60+,127002.49,3.71,18.89
CUST_00052,31-45,22951.84,9.98,36.56
CUST_00052,18-30,13441.92,8.0,44.54
CUST_00053,60+,26731.34,3.12,14.37
CUST_00053,18-30,89796.07,6.27,76.02
CUST_00053,46-60,68363.2,2.52,9.61
CUST_00054,60+,91902.01,4.1,8.52
CUST_00054,18-30,126686.88,8.16,59.36
CUST_00054,31-45,26571.41,2.31,32.11
CUST_00055,46-60,70433.12,1.17,36.5
CUST_00055,60+,201591.81,5.7,63.5
CUST_00056,18-30,61971.9,6.35,76.77
CUST_00056,46-60,93064.31,7.46,9.76
CUST_00056,31-45,74478.18,1.6,13.47
CUST_00057,18-30,24344.82,7.42,44.72
CUST_00057,60+,79509.96,2.5,8.27
CUST_00057,31-45,24382.74,3.47,47.01
CUST_00058,60+,170722.98,6.7,71.6
CUST_00058,46-60,9195.6,8.39,19.9
CUST_00058,18-30,35365.11,9.39,8.5
CUST_00059,31-45,128041.81,3.33,40.76
CUST_00059,18-30,85986.58,7.65,59.23
CUST_00060,31-45,31880.36,6.54,22.13
CUST_00060,46-60,33513.88,6.66,42.11
CUST_00060,60+,95279.84,8.62,35.76
CUST_00061,18-30,59229.72,4.5,47.61
CUST_00061,46-60,59919.95,2.13,10.58
CUST_00061,31-45,63233.06,6.88,41.81
CUST_00062,18-30,132589.9,4.33,70.28
CUST_00062,31-45,90932.46,3.61,29.73
CUST_00063,60+,54821.36,5.54,45.7
CUST_00063,31-45,41492.13,6.82,54.29
CUST_00064,18-30,158433.57,4.51,60.23
CUST_00064,31-45,19846.29,3.49,39.76
CUST_00065,31-45,98499.75,3.1,21.52
CUST_00065,60+,120594.07,6.76,51.06
CUST_00065,46-60,90209.91,2.41,27.42
CUST_00066,18-30,98966.17,3.35,19.64
CUST_00066,46-60,33591.55,6.58,25.33
CUST_00066,31-45,63769.49,8.37,29.23
CUST_00066,60+,95253.14,4.0,25.8
CUST_00067,18-30,11342.92,3.3,19.99
CUST_00067,60+,62631.12,9.9,30.98
CUST_00067,46-60,136629.8,5.06,49.03
CUST_00068,46-60,74652.97,2.28,19.63
CUST_00068,60+,165599.66,2.46,80.36
CUST_00069,31-45,126532.21,5.78,43.76
CUST_00069,18-30,71666.88,5.35,33.67
CUST_00069,46-60,98996.28,1.0,22.57
CUST_00070,46-60,103440.77,6.26,66.46
CUST_00070,18-30,120651.93,4.17,33.55
CUST_00071,46-60,45607.51,4.12,51.05
CUST_00071,60+,109790.47,8.59,48.95
CUST_00072,31-45,64605.71,4.79,41.52
CUST_00072,46-60,69890.04,7.19,58.48
CUST_00073,31-45,109968.14,7.67,78.84
CUST_00073,18-30,147102.32,2.86,21.16
CUST_00074,18-30,19250.84,8.55,38.9
CUST_00074,31-45,50817.05,8.05,22.95
CUST_00074,60+,77877.8,6.26,38.15
CUST_00075,46-60,65300.63,3.86,18.16
CUST_00075,60+,242846.58,6.1,81.84
CUST_00076,46-60,266763.3,5.75,80.03
CUST_00076,18-30,20935.07,6.72,19.97
CUST_00077,31-45,9399.29,8.04,8.24
CUST_00077,46-60,49876.72,7.31,6.88
CUST_00077,60+,103862.86,3.45,84.88
CUST_00078,31-45,4765.43,9.79,7.72
CUST_00078,46-60,107715.98,6.43,41.62
CUST_00078,60+,20172.89,4.06,50.67
CUST_00079,60+,94004.89,1.31,47.45
CUST_00079,46-60,91764.76,1.82,26.01
CUST_00079,18-30,84438.91,3.35,26.54
CUST_00080,31-45,27581.16,8.26,19.99
CUST_00080,60+,9596.51,8.93,7.94
CUST_00080,18-30,160666.13,2.97,72.07
CUST_00081,31-45,27984.21,1.93,34.77
CUST_00081,18-30,279766.49,6.7,65.24
CUST_00082,31-45,165128.7,5.31,78.95
CUST_00082,46-60,18511.84,8.87,21.05
CUST_00083,46-60,120338.73,5.54,51.65
CUST_00083,31-45,119993.99,7.64,48.35
CUST_00084,60+,130246.79,7.62,37.7
CUST_00084,18-30,25219.64,9.31,31.75
CUST_00084,46-60,65594.13,5.92,30.55
CUST_00085,60+,88956.71,2.04,10.4
CUST_00085,46-60,55821.77,9.52,36.89
CUST_00085,31-45,35426.4,1.73,32.82
CUST_00085,18-30,77383.26,3.84,19.89
CUST_00086,60+,2090.74,1.86,19.66
CUST_00086,18-30,101289.86,5.5,55.29
CUST_00086,31-45,10517.26,9.58,25.05
CUST_00087,60+,3032.64,9.35,15.05
CUST_00087,31-45,145524.99,3.35,66.7
CUST_00087,46-60,52951.69,9.08,18.26
CUST_00088,60+,145268.56,6.52,42.28
CUST_00088,31-45,77083.66,6.9,34.15
CUST_00088,18-30,49589.62,3.95,23.57
CUST_00089,46-60,10828.76,2.77,13.34
CUST_00089,60+,77452.83,3.62,67.7
CUST_00089,18-30,74043.27,9.64,18.96
CUST_00090,60+,74797.52,4.83,46.96
CUST_00090,46-60,72627.34,8.43,36.7
CUST_00090,18-30,93500.95,4.46,16.34
CUST_00091,31-45,59302.25,8.74,59.75
CUST_00091,60+,46184.69,1.39,9.37
CUST_00091,46-60,32735.27,5.86,30.88
CUST_00092,18-30,92324.59,4.66,40.95
CUST_00092,31-45,102468.91,2.06,59.05
CUST_00093,18-30,51100.29,3.79,8.72
CUST_00093,31-45,103785.07,3.46,91.27
CUST_00094,46-60,97528.08,2.5,83.91
CUST_00094,31-45,134509.94,6.87,16.1
CUST_00095,18-30,176454.09,7.79,35.18
CUST_00095,60+,128221.04,1.27,64.82
CUST_00096,46-60,10494.24,4.61,25.8
CUST_00096,60+,47238.22,7.8,9.63
CUST_00096,31-45,163327.34,7.71,64.57
CUST_00097,31-45,68659.87,5.94,33.64
CUST_00097,60+,54181.68,5.96,31.02
CUST_00097,46-60,45566.62,7.41,35.33
CUST_00098,31-45,68166.71,3.17,26.62
CUST_00098,46-60,82834.11,1.64,13.57
CUST_00098,60+,4270.58,8.62,5.45
CUST_00098,18-30,30221.7,6.18,54.36
CUST_00099,31-45,149171.35,7.11,14.23
CUST_00099,18-30,89083.6,9.61,16.06
CUST_00099,60+,77361.31,4.65,69.7
CUST_00100,60+,49627.73,5.13,48.28
CUST_00100,31-45,29578.45,1.34,25.38
CUST_00100,46-60,88182.78,6.92,26.33
CUST_00101,46-60,232285.17,6.3,69.5
CUST_00101,60+,64150.51,4.66,30.5
CUST_00102,60+,105161.92,7.83,66.73
CUST_00102,46-60,51919.71,7.96,33.27
CUST_00103,31-45,174525.06,1.43,51.01
CUST_00103,60+,90108.16,3.71,16.2
CUST_00103,46-60,92591.3,3.06,32.79
CUST_00104,18-30,49471.53,6.26,12.64
CUST_00104,60+,143725.52,5.41,72.01
CUST_00104,46-60,57162.95,7.73,15.35
CUST_00105,60+,13323.75,8.84,28.22
CUST_00105,18-30,63075.59,2.99,24.12
CUST_00105,31-45,35421.19,7.55,7.08
CUST_00105,46-60,84445.11,4.49,40.57
CUST_00106,18-30,123305.3,3.71,72.54
CUST_00106,60+,38933.09,7.12,27.45
CUST_00107,46-60,84396.52,4.75,20.84
CUST_00107,18-30,94889.94,7.71,5.13
CUST_00107,60+,3501.36,9.92,8.1
CUST_00107,31-45,33295.72,4.53,65.93
CUST_00108,31-45,71292.55,5.72,11.9
CUST_00108,46-60,140674.16,6.73,59.14
CUST_00108,18-30,30395.43,3.98,28.97
CUST_00109,46-60,23524.53,3.34,19.34
CUST_00109,18-30,113536.82,4.62,80.66
CUST_00110,31-45,5882.14,7.32,24.99
CUST_00110,60+,30650.81,4.43,11.13
CUST_00110,18-30,76352.98,9.3,29.61
CUST_00110,46-60,75372.87,8.97,34.27
CUST_00111,60+,161271.04,3.17,67.41
CUST_00111,18-30,23501.09,4.8,32.6
CUST_00112,60+,16198.05,4.23,10.66
CUST_00112,18-30,151303.88,3.62,75.34
CUST_00112,46-60,86599.63,1.37,13.99
CUST_00113,60+,8936.34,2.3,24.42
CUST_00113,46-60,47395.48,1.16,33.18
CUST_00113,31-45,94723.3,3.03,12.6
CUST_00113,18-30,68326.66,5.91,29.81
CUST_00114,18-30,109771.7,7.46,49.79
CUST_00114,46-60,37516.98,1.61,39.71
CUST_00114,31-45,54891.9,3.68,10.5
CUST_00115,18-30,27526.88,1.94,11.58
CUST_00115,46-60,51057.81,4.55,81.4
CUST_00115,31-45,81840.88,3.89,7.02
CUST_00116,31-45,33564.41,7.59,22.03
CUST_00116,60+,23073.53,5.45,20.72
CUST_00116,46-60,65936.81,6.0,10.78
CUST_00116,18-30,46931.39,1.39,46.47
CUST_00117,18-30,42203.6,8.35,7.7
CUST_00117,46-60,43170.28,4.05,16.13
CUST_00117,31-45,43124.85,9.22,16.22
CUST_00117,60+,55639.57,1.45,59.95
CUST_00118,46-60,40846.01,8.72,20.95
CUST_00118,18-30,2360.49,1.16,23.54
CUST_00118,31-45,48528.79,5.33,31.7
CUST_00118,60+,78232.43,8.44,23.8
CUST_00119,60+,95952.53,3.4,24.49
CUST_00119,18-30,147074.36,3.36,59.02
CUST_00119,46-60,91345.2,4.36,16.49
CUST_00120,18-30,77792.45,8.5,26.55
CUST_00120,60+,20757.73,5.61,52.7
CUST_00120,31-45,70849.99,2.97,20.75
CUST_00121,60+,48496.27,4.75,20.73
CUST_00121,18-30,170717.08,8.18,59.39
CUST_00121,31-45,30185.28,6.57,19.88
CUST_00122,60+,178130.91,4.38,32.81
CUST_00122,31-45,9929.03,9.55,15.21
CUST_00122,18-30,17347.85,6.48,51.98
CUST_00123,60+,87767.79,3.31,29.15
CUST_00123,46-60,10028.44,7.75,31.97
CUST_00123,18-30,8231.17,3.21,23.96
CUST_00123,31-45,49039.45,1.01,14.91
CUST_00124,18-30,156303.26,6.94,20.22
CUST_00124,46-60,65678.15,9.93,8.67
CUST_00124,60+,85984.3,7.25,71.12
CUST_00125,31-45,93252.56,1.05,25.29
CUST_00125,60+,58269.56,3.89,26.48
CUST_00125,18-30,93111.51,4.44,48.23
CUST_00126,18-30,117792.36,5.02,54.07
CUST_00126,31-45,57929.55,6.61,24.07
CUST_00126,60+,51849.11,3.87,21.87
CUST_00127,31-45,113755.87,8.32,49.19
CUST_00127,46-60,73795.69,1.16,14.45
CUST_00127,18-30,5627.96,3.76,36.36
CUST_00128,18-30,23335.28,9.68,12.19
CUST_00128,31-45,37082.56,2.54,22.27
CUST_00128,60+,75454.67,4.85,65.54
CUST_00129,18-30,93850.62,7.83,39.1
CUST_00129,31-45,18451.78,8.9,32.54
CUST_00129,60+,21679.21,5.9,28.35
CUST_00130,31-45,121475.03,5.2,62.73
CUST_00130,18-30,126088.7,7.38,37.28
CUST_00131,60+,165637.42,6.85,24.42
CUST_00131,46-60,21977.84,5.18,22.54
CUST_00131,18-30,38036.25,2.41,53.04
CUST_00132,31-45,169378.61,5.52,94.49
CUST_00132,18-30,55357.27,9.33,5.5
CUST_00133,18-30,88925.94,4.63,24.53
CUST_00133,46-60,192282.0,7.95,75.47
CUST_00134,31-45,58184.45,6.22,39.85
CUST_00134,60+,73818.64,7.43,24.94
CUST_00134,46-60,57468.56,7.89,35.22
CUST_00135,31-45,148665.59,6.5,35.42
CUST_00135,46-60,83686.62,8.61,26.16
CUST_00135,60+,33329.18,3.67,38.42
CUST_00136,31-45,88736.03,6.78,5.48
CUST_00136,46-60,45519.05,7.11,69.14
CUST_00136,18-30,46238.31,8.66,25.39
CUST_00137,18-30,144005.24,4.23,43.2
CUST_00137,31-45,1435.27,2.06,34.48
CUST_00137,46-60,58877.67,3.48,22.32
CUST_00138,18-30,98344.66,2.69,52.27
CUST_00138,60+,75595.75,6.87,47.73
CUST_00139,60+,185975.33,3.68,24.79
CUST_00139,46-60,25037.46,1.79,33.56
CUST_00139,18-30,96761.7,6.74,41.65
CUST_00140,46-60,83641.04,7.32,68.81
CUST_00140,60+,91427.73,6.02,31.18
CUST_00141,18-30,76443.53,3.92,33.92
CUST_00141,31-45,5035.38,4.23,39.03
CUST_00141,46-60,29678.3,4.68,27.05
CUST_00142,46-60,77708.18,3.11,48.08
CUST_00142,60+,19646.34,7.13,22.99
CUST_00142,31-45,82685.98,6.67,28.93
CUST_00143,46-60,35607.1,7.31,34.37
CUST_00143,60+,39279.16,8.72,28.07
CUST_00143,18-30,65891.05,3.66,37.56
CUST_00144,31-45,48536.72,7.86,22.41
CUST_00144,60+,77402.43,9.76,29.07
CUST_00144,18-30,56472.5,5.57,48.52
CUST_00145,18-30,41427.11,4.0,12.94
CUST_00145,46-60,60237.38,6.75,18.67
CUST_00145,60+,107949.75,4.08,68.39
CUST_00146,18-30,65595.63,8.14,9.22
CUST_00146,31-45,76792.33,6.12,14.59
CUST_00146,60+,84297.45,6.07,35.66
CUST_00146,46-60,9084.75,8.03,40.53
CUST_00147,31-45,67954.4,6.42,72.9
CUST_00147,46-60,50179.26,2.05,21.93
CUST_00147,60+,78966.48,2.86,5.17
CUST_00148,46-60,6218.95,5.21,28.02
CUST_00148,60+,107756.94,3.91,19.43
CUST_00148,18-30,5529.5,9.22,52.56
CUST_00149,46-60,91683.57,2.93,30.77
CUST_00149,31-45,112749.98,6.05,69.23
CUST_00150,18-30,156222.81,4.4,91.94
CUST_00150,31-45,49444.17,6.25,8.06
CUST_00151,46-60,64047.15,8.3,11.99
CUST_00151,31-45,27261.93,6.33,22.57
CUST_00151,18-30,78959.64,6.63,65.45
CUST_00152,60+,1937.15,3.05,18.69
CUST_00152,18-30,88445.73,1.83,11.63
CUST_00152,46-60,11815.12,6.68,26.86
CUST_00152,31-45,63361.08,9.52,42.82
CUST_00153,31-45,154600.58,6.15,44.91
CUST_00153,60+,125766.26,3.43,55.09
CUST_00154,18-30,61796.44,3.05,11.74
CUST_00154,31-45,196298.04,6.25,88.26
CUST_00155,60+,115277.82,5.59,50.67
CUST_00155,46-60,52922.53,2.45,13.4
CUST_00155,31-45,98239.44,1.54,35.94
CUST_00156,60+,172280.66,3.88,44.01
CUST_00156,18-30,88966.1,2.86,55.99
CUST_00157,46-60,80065.87,9.54,21.98
CUST_00157,60+,168913.05,5.12,59.92
CUST_00157,18-30,93167.14,9.22,18.1
CUST_00158,60+,64920.11,8.12,10.36
CUST_00158,18-30,154227.98,6.18,89.65
CUST_00159,31-45,26731.53,4.57,19.05
CUST_00159,18-30,99786.68,4.36,80.95
CUST_00160,60+,41329.61,4.16,29.3
CUST_00160,31-45,95135.06,8.29,39.88
CUST_00160,18-30,13894.09,9.88,30.82
CUST_00161,60+,103656.08,4.7,25.71
CUST_00161,46-60,3991.07,3.66,38.91
CUST_00161,18-30,8376.92,6.27,35.38
CUST_00162,18-30,11085.95,5.42,16.02
CUST_00162,60+,107803.25,5.09,73.02
CUST_00162,46-60,47864.96,6.62,10.96
CUST_00163,18-30,175619.7,4.93,55.05
CUST_00163,31-45,75873.14,5.16,6.42
CUST_00163,60+,80726.3,9.94,38.53
CUST_00164,60+,101839.06,4.17,56.06
CUST_00164,31-45,8943.48,8.85,8.86
CUST_00164,46-60,98025.2,6.37,35.07
CUST_00165,60+,23041.46,9.99,29.03
CUST_00165,18-30,108071.05,5.12,44.63
CUST_00165,31-45,79790.61,5.85,26.34
CUST_00166,60+,105351.12,7.18,42.78
CUST_00166,18-30,153568.41,5.86,57.22
CUST_00167,18-30,97347.23,9.13,22.28
CUST_00167,31-45,108738.26,7.91,77.71
CUST_00168,46-60,67087.24,3.65,5.19
CUST_00168,31-45,159337.86,3.52,31.25
CUST_00168,60+,95458.8,9.48,63.56
CUST_00169,46-60,173852.74,3.49,54.67
CUST_00169,31-45,34011.79,6.13,45.34
CUST_00170,18-30,54865.52,1.8,5.54
CUST_00170,46-60,94067.83,4.87,66.71
CUST_00170,60+,71519.03,6.61,27.75
CUST_00171,60+,106035.6,5.09,56.89
CUST_00171,31-45,82714.23,4.16,9.51
CUST_00171,18-30,83831.52,1.57,33.61
CUST_00172,31-45,20646.84,8.21,51.66
CUST_00172,46-60,115686.34,5.56,48.34
CUST_00173,60+,53778.49,2.93,7.97
CUST_00173,18-30,69502.09,7.07,92.03
CUST_00174,46-60,60863.54,9.74,16.46
CUST_00174,18-30,76243.33,1.8,25.58
CUST_00174,31-45,114669.11,6.79,57.96
CUST_00175,60+,17718.14,6.45,39.57
CUST_00175,18-30,37006.76,1.85,34.28
CUST_00175,31-45,78944.88,8.97,26.15
CUST_00176,31-45,92792.9,2.76,30.08
CUST_00176,60+,84918.11,4.43,29.6
CUST_00176,46-60,33710.71,3.1,40.32
CUST_00177,18-30,190247.8,7.99,52.63
CUST_00177,46-60,97123.18,5.45,27.08
CUST_00177,60+,57936.68,5.88,20.29
CUST_00178,18-30,79417.53,4.56,22.02
CUST_00178,46-60,77801.65,4.63,30.39
CUST_00178,60+,150466.94,5.83,47.6
CUST_00179,46-60,118429.13,7.29,35.74
CUST_00179,60+,34588.57,5.35,12.53
CUST_00179,31-45,27518.68,9.22,51.74
CUST_00180,60+,128578.6,7.79,56.03
CUST_00180,18-30,26109.89,5.8,28.0
CUST_00180,46-60,58845.38,6.48,15.97
CUST_00181,60+,116140.11,8.28,48.01
CUST_00181,31-45,101061.41,1.52,52.0
CUST_00182,60+,87358.5,6.61,76.44
CUST_00182,31-45,17103.79,7.01,23.55
CUST_00183,46-60,191982.26,7.83,100.0
CUST_00184,46-60,129852.77,5.88,41.09
CUST_00184,31-45,108166.21,5.42,58.91
CUST_00185,60+,91196.25,2.98,91.85
CUST_00185,18-30,77179.62,6.08,8.16
CUST_00186,31-45,6290.86,3.08,36.74
CUST_00186,46-60,4014.63,7.74,21.99
CUST_00186,60+,170613.21,1.66,41.27
CUST_00187,60+,99519.59,6.1,48.88
CUST_00187,46-60,121268.98,6.99,51.12
CUST_00188,18-30,146180.1,6.17,43.11
CUST_00188,31-45,86019.16,4.76,56.89
CUST_00189,46-60,61114.06,3.34,5.54
CUST_00189,31-45,106726.54,4.69,83.88
CUST_00189,60+,33473.48,1.65,10.59
CUST_00190,31-45,86580.98,2.98,13.57
CUST_00190,18-30,143651.24,3.39,86.43
CUST_00191,18-30,115326.41,7.55,56.21
CUST_00191,46-60,17680.18,3.4,26.45
CUST_00191,60+,32534.44,9.59,17.34
CUST_00192,18-30,175272.88,3.06,91.03
CUST_00192,31-45,19313.08,2.97,8.97
CUST_00193,18-30,89517.02,1.15,18.87
CUST_00193,46-60,19461.17,4.68,6.1
CUST_00193,60+,38442.18,3.56,19.93
CUST_00193,31-45,35523.74,4.92,55.1
CUST_00194,46-60,101247.12,2.88,29.69
CUST_00194,60+,68396.79,6.64,14.05
CUST_00194,31-45,97278.48,4.63,56.27
CUST_00195,60+,57385.04,3.56,79.81
CUST_00195,46-60,68886.13,9.24,20.19
CUST_00196,46-60,14085.36,4.38,38.33
CUST_00196,18-30,50410.02,4.0,35.66
CUST_00196,31-45,68985.19,6.41,26.01
CUST_00197,60+,59177.53,9.34,35.33
CUST_00197,31-45,8058.83,5.1,7.1
CUST_00197,18-30,134608.84,7.92,57.57
CUST_00198,46-60,91299.85,6.87,30.39
CUST_00198,31-45,82705.7,5.13,53.88
CUST_00198,18-30,69500.58,7.93,15.73
CUST_00199,31-45,89848.13,3.01,51.64
CUST_00199,18-30,95162.03,2.08,19.6
CUST_00199,60+,52754.51,4.73,28.76
CUST_00200,46-60,98997.32,3.47,45.03
CUST_00200,31-45,40748.12,1.78,54.97
CUST_00201,60+,69358.05,1.83,35.55
CUST_00201,46-60,85157.26,8.04,15.84
CUST_00201,18-30,80266.73,2.23,48.61
CUST_00202,46-60,148870.94,4.82,62.21
CUST_00202,31-45,154632.18,6.52,37.79
CUST_00203,18-30,78127.95,8.05,39.93
CUST_00203,60+,46649.02,4.95,31.61
CUST_00203,31-45,78471.59,6.58,28.46
CUST_00204,60+,132727.44,6.25,51.41
CUST_00204,31-45,115876.02,4.16,48.59
CUST_00205,18-30,79097.66,5.68,5.32
CUST_00205,60+,71135.16,6.28,82.41
CUST_00205,46-60,55232.34,7.39,12.27
CUST_00206,18-30,4006.32,8.6,29.81
CUST_00206,46-60,182089.71,3.11,36.57
CUST_00206,31-45,84033.24,1.69,33.61
CUST_00207,46-60,99254.44,1.66,5.78
CUST_00207,60+,70552.49,2.43,13.25
CUST_00207,18-30,61793.19,2.96,24.3
CUST_00207,31-45,21735.63,8.1,56.67
CUST_00208,60+,55803.93,7.13,24.2
CUST_00208,31-45,57875.93,9.73,30.9
CUST_00208,18-30,87086.52,3.28,44.9
CUST_00209,18-30,120922.64,5.34,52.36
CUST_00209,31-45,71442.42,6.55,7.47
CUST_00209,46-60,54947.14,6.27,40.17
CUST_00210,18-30,58838.94,2.86,6.14
CUST_00210,31-45,212588.82,5.72,93.87
CUST_00211,18-30,22909.0,6.83,28.9
CUST_00211,60+,3651.27,4.92,18.74
CUST_00211,46-60,176776.11,2.77,52.35
CUST_00212,60+,103740.86,5.17,50.2
CUST_00212,18-30,60650.92,3.44,30.89
CUST_00212,31-45,62914.9,9.95,18.9
CUST_00213,46-60,12962.76,3.7,26.94
CUST_00213,18-30,151387.11,6.02,73.06
CUST_00214,46-60,17356.4,1.65,15.62
CUST_00214,18-30,184504.17,6.51,84.37
CUST_00215,46-60,80293.16,6.88,64.92
CUST_00215,60+,12750.62,2.36,15.22
CUST_00215,18-30,58552.77,2.11,19.86
CUST_00216,60+,87341.37,8.75,39.68
CUST_00216,46-60,11460.87,6.74,7.56
CUST_00216,31-45,79636.99,6.67,52.76
CUST_00217,60+,142069.06,5.64,41.85
CUST_00217,46-60,45999.97,6.49,58.15
CUST_00218,18-30,9316.39,5.05,13.72
CUST_00218,60+,8820.87,9.82,38.45
CUST_00218,46-60,57229.41,2.01,29.37
CUST_00218,31-45,81623.35,1.66,18.47
CUST_00219,31-45,78904.18,7.24,56.38
CUST_00219,18-30,74964.8,7.81,43.63
CUST_00220,31-45,222346.99,5.73,100.0
CUST_00221,46-60,4843.12,7.63,39.42
CUST_00221,31-45,69435.42,9.75,19.16
CUST_00221,18-30,149596.43,4.39,41.42
CUST_00222,18-30,72885.44,3.42,36.2
CUST_00222,31-45,4633.23,7.0,18.51
CUST_00222,46-60,73500.84,7.87,45.29
CUST_00223,18-30,65148.53,5.55,17.4
CUST_00223,31-45,129945.7,1.93,72.95
CUST_00223,46-60,83899.14,4.5,9.64
CUST_00224,46-60,6255.04,4.88,31.85
CUST_00224,31-45,8571.37,5.49,36.41
CUST_00224,60+,140390.07,9.07,31.74
CUST_00225,18-30,92799.81,6.51,39.45
CUST_00225,46-60,35894.18,3.51,13.41
CUST_00225,31-45,82133.75,9.12,26.77
CUST_00225,60+,2804.99,1.6,20.37
CUST_00226,46-60,27688.45,5.82,35.62
CUST_00226,60+,39604.07,7.32,24.83
CUST_00226,31-45,67953.28,5.78,39.55
CUST_00227,46-60,13856.01,4.62,13.71
CUST_00227,60+,42346.07,9.08,29.26
CUST_00227,31-45,170854.78,7.58,57.04
CUST_00228,31-45,2564.51,5.59,25.86
CUST_00228,18-30,12897.02,4.07,18.17
CUST_00228,60+,149657.15,7.7,55.97
CUST_00229,60+,3545.12,3.33,8.53
CUST_00229,18-30,54582.99,1.93,25.04
CUST_00229,46-60,142761.12,3.86,66.43
CUST_00230,60+,54658.69,4.44,36.35
CUST_00230,18-30,48755.26,1.01,9.33
CUST_00230,31-45,95767.44,1.08,26.21
CUST_00230,46-60,27726.06,7.91,28.11
CUST_00231,46-60,120293.35,2.38,46.3
CUST_00231,18-30,85524.77,4.98,53.71
CUST_00232,60+,72403.67,9.83,21.21
CUST_00232,46-60,194905.21,8.17,78.79
CUST_00233,46-60,131444.2,4.11,50.08
CUST_00233,18-30,54011.8,1.14,8.68
CUST_00233,31-45,30477.02,1.42,41.24
CUST_00234,31-45,129737.43,7.43,65.54
CUST_00234,46-60,25675.31,9.29,22.4
CUST_00234,18-30,92920.01,6.7,12.06
CUST_00235,60+,48059.12,5.9,15.37
CUST_00235,18-30,95460.52,2.12,18.86
CUST_00235,31-45,43992.8,4.27,65.77
CUST_00236,46-60,94120.25,4.25,44.94
CUST_00236,18-30,157427.89,3.5,55.06
CUST_00237,60+,111654.3,2.31,30.09
CUST_00237,31-45,81755.0,6.08,69.91
CUST_00238,60+,22637.98,3.06,10.23
CUST_00238,46-60,39447.28,8.71,31.07
CUST_00238,31-45,125263.21,3.4,58.69
CUST_00239,46-60,63988.08,1.12,34.61
CUST_00239,18-30,124268.05,5.98,43.82
CUST_00239,60+,21176.45,8.48,21.57
CUST_00240,18-30,28778.94,4.49,59.31
CUST_00240,31-45,33609.53,8.56,17.06
CUST_00240,46-60,19139.21,7.11,23.63
CUST_00241,18-30,184523.31,4.15,85.53
CUST_00241,46-60,84190.05,1.69,14.47
CUST_00242,31-45,13496.51,3.28,20.18
CUST_00242,60+,85412.34,6.5,56.22
CUST_00242,46-60,15235.49,1.22,23.6
CUST_00243,60+,37431.1,9.62,15.98
CUST_00243,18-30,59762.96,2.51,14.49
CUST_00243,31-45,98572.67,2.75,12.37
CUST_00243,46-60,63259.59,4.82,57.16
CUST_00244,18-30,118297.63,3.56,92.98
CUST_00244,46-60,50401.48,6.48,7.01
CUST_00245,46-60,130125.37,6.37,69.64
CUST_00245,31-45,74415.42,4.34,30.36
CUST_00246,31-45,48421.24,8.56,22.87
CUST_00246,60+,92050.55,4.01,66.64
CUST_00246,18-30,76380.9,1.25,10.48
CUST_00247,18-30,29063.35,3.26,7.98
CUST_00247,60+,110600.15,5.59,45.15
CUST_00247,31-45,67930.61,4.99,46.88
CUST_00248,31-45,35881.12,4.43,35.78
CUST_00248,18-30,19092.03,1.25,6.43
CUST_00248,46-60,76380.33,2.83,57.79
CUST_00249,46-60,81926.58,5.52,53.04
CUST_00249,18-30,93752.76,5.29,32.17
CUST_00249,60+,20145.5,2.36,14.79
CUST_00250,60+,99635.82,7.58,48.61
CUST_00250,31-45,99226.73,6.83,29.98
CUST_00250,46-60,51996.75,8.1,21.41
CUST_00251,18-30,42342.76,3.94,28.87
CUST_00251,31-45,85929.81,9.9,26.74
CUST_00251,46-60,97558.44,6.71,44.39
CUST_00252,46-60,159173.97,5.73,45.66
CUST_00252,31-45,97351.34,3.53,54.34
CUST_00253,31-45,133858.94,2.37,35.12
CUST_00253,18-30,83086.21,1.52,36.5
CUST_00253,60+,90714.72,7.46,28.37
CUST_00254,31-45,3307.15,4.38,22.72
CUST_00254,46-60,76382.11,7.6,9.78
CUST_00254,60+,90224.15,5.45,36.36
CUST_00254,18-30,45591.24,1.93,31.14
CUST_00255,46-60,53282.05,9.28,24.27
CUST_00255,60+,27623.57,4.46,49.84
CUST_00255,31-45,9581.47,2.96,25.9
CUST_00256,60+,103427.9,8.71,90.45
CUST_00256,46-60,52377.31,7.63,9.55
CUST_00257,31-45,150612.56,2.16,82.18
CUST_00257,60+,55538.56,4.52,17.82
CUST_00258,60+,63412.61,5.83,35.09
CUST_00258,31-45,106961.18,5.54,42.7
CUST_00258,46-60,63798.03,7.94,22.2
CUST_00259,46-60,86564.12,9.29,19.3
CUST_00259,60+,66352.96,7.21,65.7
CUST_00259,18-30,93347.86,1.21,15.0
CUST_00260,46-60,76742.78,2.96,83.29
CUST_00260,60+,87201.53,5.49,11.09
CUST_00260,18-30,33436.52,6.04,5.62
CUST_00261,60+,45094.71,3.21,41.05
CUST_00261,18-30,66497.14,8.73,20.06
CUST_00261,31-45,28582.98,2.15,38.88
CUST_00262,46-60,65560.45,6.55,29.55
CUST_00262,60+,10697.83,9.42,25.9
CUST_00262,18-30,70193.38,2.24,18.58
CUST_00262,31-45,68662.14,3.05,25.98
CUST_00263,18-30,96634.14,8.34,13.97
CUST_00263,46-60,152580.25,6.81,57.35
CUST_00263,60+,33741.15,5.65,28.68
CUST_00264,18-30,165637.84,7.31,46.9
CUST_00264,31-45,63624.85,5.69,35.53
CUST_00264,46-60,93978.32,1.55,17.58
CUST_00265,31-45,19544.42,4.47,52.42
CUST_00265,60+,29207.15,9.0,25.68
CUST_00265,46-60,57166.5,3.5,21.9
CUST_00266,31-45,155882.41,6.53,84.22
CUST_00266,46-60,18384.28,9.75,15.77
CUST_00267,18-30,123532.2,8.11,38.42
CUST_00267,46-60,118145.04,5.68,61.58
CUST_00268,60+,60937.59,3.96,5.17
CUST_00268,18-30,132391.05,3.52,55.87
CUST_00268,46-60,65315.57,2.33,38.95
CUST_00269,18-30,83825.22,2.33,37.83
CUST_00269,31-45,93096.31,8.5,25.08
CUST_00269,60+,17020.85,5.11,10.77
CUST_00269,46-60,40663.25,6.01,26.32
CUST_00270,18-30,151699.11,9.74,52.86
CUST_00270,31-45,73485.39,1.69,10.4
CUST_00270,60+,13439.08,4.96,36.75
CUST_00271,31-45,91304.27,4.24,20.68
CUST_00271,60+,74168.16,6.19,19.64
CUST_00271,46-60,55734.76,1.38,31.71
CUST_00271,18-30,40359.35,9.57,27.97
CUST_00272,18-30,99759.29,6.77,71.05
CUST_00272,31-45,48507.34,4.61,28.94
CUST_00273,46-60,2150.1,8.42,9.41
CUST_00273,18-30,60113.09,2.25,74.52
CUST_00273,60+,52974.61,2.23,16.06
CUST_00274,60+,69073.89,7.29,20.67
CUST_00274,18-30,147849.7,3.8,79.34
CUST_00275,31-45,182353.32,7.25,93.04
CUST_00275,18-30,37766.5,4.05,6.95
CUST_00276,46-60,78081.11,6.39,8.93
CUST_00276,31-45,2079.42,6.85,37.03
CUST_00276,60+,59417.1,7.2,27.47
CUST_00276,18-30,5152.93,5.5,26.58
CUST_00277,31-45,109130.42,6.34,58.7
CUST_00277,46-60,47156.16,3.36,18.95
CUST_00277,60+,29152.83,7.22,22.36
CUST_00278,46-60,143385.02,9.09,64.14
CUST_00278,60+,8626.8,7.5,35.86
CUST_00279,60+,150095.58,4.79,42.5
CUST_00279,46-60,108691.97,6.23,57.51
CUST_00280,18-30,68061.09,1.03,11.24
CUST_00280,60+,50523.72,7.12,26.59
CUST_00280,31-45,21359.8,5.81,62.17
CUST_00281,60+,90823.87,1.88,20.99
CUST_00281,31-45,88250.04,2.18,26.18
CUST_00281,46-60,20119.56,5.56,6.51
CUST_00281,18-30,77965.84,3.04,46.32
CUST_00282,18-30,62529.38,2.87,23.69
CUST_00282,46-60,63654.53,8.52,28.89
CUST_00282,31-45,16473.06,8.7,47.41
CUST_00283,18-30,149907.85,4.53,78.09
CUST_00283,46-60,19794.61,5.39,21.9
CUST_00284,18-30,105768.79,6.46,39.62
CUST_00284,31-45,56712.53,6.76,60.38
CUST_00285,31-45,29898.33,7.47,29.56
CUST_00285,18-30,36144.1,4.73,27.72
CUST_00285,46-60,55380.31,4.72,32.71
CUST_00285,60+,1566.35,5.77,10.01
CUST_00286,60+,176280.18,6.67,90.28
CUST_00286,18-30,45592.12,7.83,9.72
CUST_00287,18-30,29453.08,5.18,35.28
CUST_00287,60+,102227.79,5.24,49.65
CUST_00287,31-45,73915.22,2.87,15.07
CUST_00288,46-60,61947.38,7.77,35.69
CUST_00288,18-30,9428.95,8.16,35.54
CUST_00288,31-45,90416.06,9.32,28.77
CUST_00289,60+,81797.79,6.29,11.56
CUST_00289,18-30,75775.22,7.97,7.87
CUST_00289,46-60,75851.22,3.74,7.84
CUST_00289,31-45,44734.41,6.23,72.73
CUST_00290,46-60,155896.6,8.91,38.23
CUST_00290,31-45,6355.42,6.36,61.77
CUST_00291,18-30,62361.98,4.68,54.35
CUST_00291,31-45,83763.03,2.4,45.66
CUST_00292,31-45,95985.92,2.33,10.73
CUST_00292,46-60,75969.51,1.06,20.37
CUST_00292,18-30,114746.53,1.18,68.9
CUST_00293,60+,78689.48,6.7,36.42
CUST_00293,18-30,14957.21,9.57,29.17
CUST_00293,31-45,156943.81,2.84,34.41
CUST_00294,18-30,67469.87,3.42,14.84
CUST_00294,31-45,31744.64,7.41,7.44
CUST_00294,46-60,77882.03,5.47,77.72
CUST_00295,31-45,111564.79,4.32,46.0
CUST_00295,60+,77342.45,9.28,54.0
CUST_00296,46-60,44490.28,2.02,5.16
CUST_00296,31-45,130428.78,6.17,35.46
CUST_00296,60+,33112.95,6.47,59.38
CUST_00297,60+,172997.67,7.08,63.75
CUST_00297,46-60,30020.81,3.4,36.25
CUST_00298,18-30,67955.17,7.06,12.6
CUST_00298,31-45,86760.03,2.28,25.8
CUST_00298,46-60,73792.99,2.67,61.61
CUST_00299,60+,128586.0,2.32,31.24
CUST_00299,46-60,96349.46,6.96,25.03
CUST_00299,31-45,95275.62,8.32,43.73
CUST_00300,46-60,134024.47,7.04,70.25
CUST_00300,18-30,76975.98,6.5,14.98
CUST_00300,60+,41366.52,3.14,14.77
CUST_00301,31-45,48167.23,7.56,24.51
CUST_00301,18-30,25909.55,4.11,65.42
CUST_00301,46-60,73767.31,4.71,10.06
CUST_00302,46-60,35433.66,4.74,34.14
CUST_00302,18-30,12175.2,2.14,15.53
CUST_00302,31-45,3932.01,7.85,29.67
CUST_00302,60+,72843.2,3.31,20.66
CUST_00303,46-60,48386.31,2.21,44.02
CUST_00303,18-30,28599.3,9.32,33.25
CUST_00303,60+,23271.57,9.39,22.73
CUST_00304,18-30,167335.83,4.37,68.93
CUST_00304,46-60,99053.09,3.35,18.25
CUST_00304,31-45,2146.67,9.97,12.83
CUST_00305,18-30,90733.03,2.5,10.44
CUST_00305,31-45,46102.44,4.93,29.85
CUST_00305,46-60,9475.95,6.29,39.98
CUST_00305,60+,43772.98,6.56,19.73
CUST_00306,46-60,61861.73,5.06,52.56
CUST_00306,31-45,97998.46,4.39,36.76
CUST_00306,18-30,55432.82,3.83,10.68
CUST_00307,31-45,84706.31,9.63,25.06
CUST_00307,18-30,33953.16,2.51,27.6
CUST_00307,46-60,14609.2,3.43,29.43
CUST_00307,60+,90236.97,5.31,17.9
CUST_00308,60+,81442.05,6.42,52.74
CUST_00308,46-60,119490.61,5.03,47.26
CUST_00309,31-45,90743.23,4.98,49.06
CUST_00309,60+,70041.47,5.93,16.45
CUST_00309,18-30,82379.43,5.77,34.49
CUST_00310,60+,47118.17,6.56,17.05
CUST_00310,31-45,57536.68,4.42,77.4
CUST_00310,18-30,43013.03,2.71,5.55
CUST_00311,18-30,40750.36,8.06,31.66
CUST_00311,31-45,140244.73,7.5,68.35
CUST_00312,18-30,133419.95,3.9,25.05
CUST_00312,46-60,15753.87,6.98,29.47
CUST_00312,60+,53102.15,3.22,45.48
CUST_00313,46-60,51098.46,8.4,32.67
CUST_00313,18-30,69535.06,2.39,18.95
CUST_00313,60+,3302.12,1.48,48.38
CUST_00314,18-30,73488.08,2.57,8.72
CUST_00314,46-60,122757.66,4.14,91.28
CUST_00315,46-60,72743.3,9.63,38.27
CUST_00315,18-30,81190.96,5.93,39.34
CUST_00315,60+,41136.53,6.75,22.39
CUST_00316,31-45,54160.88,2.56,20.49
CUST_00316,18-30,61888.25,6.4,43.45
CUST_00316,60+,9671.73,6.39,36.06
CUST_00317,18-30,61133.04,5.43,27.68
CUST_00317,60+,97307.15,3.03,72.33
CUST_00318,46-60,32340.77,3.8,12.53
CUST_00318,18-30,133688.76,3.97,54.23
CUST_00318,31-45,36474.46,5.9,33.24
CUST_00319,31-45,64419.63,4.44,30.74
CUST_00319,18-30,70716.34,7.12,40.24
CUST_00319,60+,54450.95,8.69,29.01
CUST_00320,18-30,150036.97,5.47,94.64
CUST_00320,31-45,58720.0,5.67,5.36
CUST_00321,18-30,133591.25,8.61,46.71
CUST_00321,46-60,18024.07,7.38,53.3
CUST_00322,18-30,69801.73,5.69,32.95
CUST_00322,60+,45684.95,2.29,10.56
CUST_00322,46-60,99933.61,9.0,56.49
CUST_00323,60+,97574.55,4.79,43.66
CUST_00323,31-45,18626.25,8.56,30.49
CUST_00323,18-30,14691.07,1.17,25.85
CUST_00324,46-60,87385.48,7.19,76.76
CUST_00324,60+,14047.42,9.0,23.24
CUST_00325,31-45,74841.52,4.58,64.59
CUST_00325,18-30,140743.93,5.33,35.41
CUST_00326,31-45,12165.42,7.1,17.78
CUST_00326,46-60,257037.91,3.55,82.22
CUST_00327,31-45,40110.77,7.09,32.66
CUST_00327,46-60,35878.0,6.65,19.27
CUST_00327,60+,66974.31,9.56,19.94
CUST_00327,18-30,32349.21,6.44,28.13
CUST_00328,31-45,54721.87,2.33,7.3
CUST_00328,60+,71630.87,6.7,17.7
CUST_00328,18-30,12665.47,7.11,37.01
CUST_00328,46-60,51663.16,9.25,37.99
CUST_00329,31-45,29159.51,7.48,68.68
CUST_00329,60+,66767.57,6.52,12.92
CUST_00329,46-60,49113.47,5.68,18.4
CUST_00330,60+,50512.49,5.67,15.85
CUST_00330,31-45,170572.58,3.03,84.14
CUST_00331,46-60,116729.66,1.71,55.77
CUST_00331,31-45,59242.5,8.49,10.52
CUST_00331,18-30,45062.32,8.78,33.71
CUST_00332,18-30,82722.79,4.56,15.2
CUST_00332,46-60,78731.04,2.98,31.24
CUST_00332,31-45,43962.45,9.72,53.57
CUST_00333,31-45,140222.25,2.0,47.53
CUST_00333,60+,27086.99,7.11,32.48
CUST_00333,18-30,24001.24,2.98,20.0
CUST_00334,31-45,109883.25,8.09,36.73
CUST_00334,60+,94480.56,4.31,24.32
CUST_00334,46-60,97712.45,1.91,38.95
CUST_00335,18-30,16142.92,8.89,14.39
CUST_00335,46-60,54079.29,1.11,23.4
CUST_00335,31-45,102201.19,6.77,62.21
CUST_00336,18-30,64789.82,9.36,24.6
CUST_00336,31-45,37867.35,9.52,68.29
CUST_00336,46-60,38656.24,2.49,7.11
CUST_00337,31-45,104567.02,7.11,47.36
CUST_00337,60+,71972.99,9.79,5.74
CUST_00337,46-60,80466.22,6.1,46.9
CUST_00338,46-60,164761.47,9.0,48.89
CUST_00338,31-45,103400.99,8.6,51.1
CUST_00339,18-30,49957.77,6.03,61.38
CUST_00339,60+,66560.18,8.02,38.62
CUST_00340,46-60,146917.66,5.91,29.73
CUST_00340,31-45,4574.96,8.84,36.27
CUST_00340,60+,7013.02,1.39,34.0
CUST_00341,60+,31645.13,5.53,42.45
CUST_00341,31-45,49685.91,1.79,38.57
CUST_00341,46-60,5576.9,6.05,18.99
CUST_00342,46-60,58931.08,3.23,17.79
CUST_00342,31-45,122146.39,4.08,61.08
CUST_00342,60+,90702.11,3.08,21.14
CUST_00343,31-45,40419.9,6.7,28.45
CUST_00343,18-30,158688.29,6.57,71.55
CUST_00344,18-30,258021.28,6.33,87.14
CUST_00344,31-45,49359.01,4.1,12.85
CUST_00345,46-60,51916.22,7.88,27.23
CUST_00345,60+,46989.46,9.95,35.9
CUST_00345,31-45,37726.41,1.07,36.88
CUST_00346,46-60,107341.8,9.47,21.39
CUST_00346,18-30,92421.22,1.65,24.95
CUST_00346,60+,32893.55,8.89,53.66
CUST_00347,18-30,85696.64,3.87,17.3
CUST_00347,46-60,19536.01,2.03,35.41
CUST_00347,31-45,119435.16,5.7,47.29
CUST_00348,31-45,89571.18,3.64,6.32
CUST_00348,60+,109810.82,8.27,32.51
CUST_00348,46-60,40361.49,1.6,61.18
CUST_00349,31-45,40917.19,9.65,34.34
CUST_00349,18-30,242642.2,3.92,65.66
CUST_00350,46-60,65199.99,5.73,12.7
CUST_00350,18-30,51182.86,2.51,6.21
CUST_00350,31-45,122825.83,5.29,81.1
CUST_00351,31-45,35736.79,3.5,16.59
CUST_00351,18-30,142812.68,1.47,73.57
CUST_00351,46-60,24375.08,2.65,9.84
CUST_00352,31-45,47559.75,2.45,23.0
CUST_00352,60+,26310.3,3.55,9.14
CUST_00352,46-60,51135.44,5.76,31.65
CUST_00352,18-30,84996.92,6.02,36.22
CUST_00353,46-60,215340.05,6.6,99.99
CUST_00354,31-45,127739.3,7.12,47.17
CUST_00354,60+,106729.75,8.15,52.83
CUST_00355,18-30,26711.93,5.35,17.24
CUST_00355,46-60,4453.05,4.04,5.54
CUST_00355,31-45,35516.91,6.99,77.22
CUST_00356,31-45,162043.26,3.11,46.1
CUST_00356,60+,56639.66,9.26,38.24
CUST_00356,46-60,68316.24,6.99,15.66
CUST_00357,18-30,197336.09,3.2,73.06
CUST_00357,31-45,20905.43,3.46,26.93
CUST_00358,46-60,160835.74,4.03,78.95
CUST_00358,18-30,67176.1,9.79,21.05
CUST_00359,18-30,188850.78,6.28,64.29
CUST_00359,60+,18699.03,4.12,35.71
CUST_00360,46-60,63052.35,2.77,13.52
CUST_00360,60+,73294.07,6.75,86.49
CUST_00361,46-60,35911.82,6.32,47.78
CUST_00361,31-45,8943.51,9.57,15.64
CUST_00361,60+,92673.99,1.22,36.58
CUST_00362,18-30,6659.0,8.15,6.54
CUST_00362,31-45,142776.83,5.91,54.57
CUST_00362,60+,58424.84,6.47,38.89
CUST_00363,18-30,189457.48,5.54,65.55
CUST_00363,31-45,12744.84,6.83,22.69
CUST_00363,60+,72337.73,9.56,11.76
CUST_00364,46-60,51148.51,2.6,8.49
CUST_00364,18-30,5322.09,4.37,9.17
CUST_00364,31-45,107392.17,6.93,82.34
CUST_00365,46-60,40089.85,1.09,28.27
CUST_00365,18-30,71840.99,7.16,36.07
CUST_00365,31-45,97743.28,3.14,16.52
CUST_00365,60+,5477.02,8.81,19.13
CUST_00366,46-60,89229.63,6.84,7.42
CUST_00366,31-45,13733.08,4.96,5.74
CUST_00366,18-30,80867.05,7.72,86.84
CUST_00367,46-60,133734.26,5.07,53.71
CUST_00367,31-45,96615.47,4.07,9.98
CUST_00367,18-30,68231.49,8.25,36.31
CUST_00368,18-30,25142.74,1.91,22.31
CUST_00368,60+,10481.59,4.2,9.72
CUST_00368,31-45,30604.33,6.37,9.12
CUST_00368,46-60,66356.36,3.87,58.86
CUST_00369,46-60,102763.99,6.44,33.54
CUST_00369,31-45,60537.91,8.45,28.14
CUST_00369,18-30,85195.14,1.78,38.32
CUST_00370,60+,8871.95,1.15,5.44
CUST_00370,31-45,69543.58,1.34,20.4
CUST_00370,46-60,89592.57,3.92,74.15
CUST_00371,18-30,86025.0,3.62,34.62
CUST_00371,31-45,71116.0,8.88,8.86
CUST_00371,60+,87918.57,6.17,56.52
CUST_00372,60+,23825.95,7.77,5.15
CUST_00372,18-30,153594.72,3.0,56.53
CUST_00372,31-45,15393.89,7.73,38.32
CUST_00373,46-60,27288.34,7.29,48.4
CUST_00373,60+,47935.09,9.38,34.41
CUST_00373,18-30,68959.05,1.24,17.2
CUST_00374,46-60,91783.82,2.83,56.07
CUST_00374,60+,24803.13,3.74,13.92
CUST_00374,18-30,92996.64,7.65,30.01
CUST_00375,31-45,94743.18,8.89,32.46
CUST_00375,46-60,17020.58,5.16,32.33
CUST_00375,18-30,26936.14,9.87,17.44
CUST_00375,60+,26529.76,3.6,17.76
CUST_00376,60+,87280.17,5.8,24.67
CUST_00376,31-45,32877.82,3.17,10.33
CUST_00376,46-60,102113.56,8.5,65.0
CUST_00377,46-60,112879.8,8.89,65.7
CUST_00377,18-30,91522.34,9.81,5.32
CUST_00377,31-45,71328.99,7.92,28.98
CUST_00378,60+,170975.19,5.03,60.07
CUST_00378,18-30,5731.2,2.87,39.93
CUST_00379,60+,34395.03,2.3,9.56
CUST_00379,46-60,184022.45,4.98,90.44
CUST_00380,18-30,104759.56,6.83,66.64
CUST_00380,60+,59852.67,3.34,33.36
CUST_00381,60+,5358.92,1.29,38.27
CUST_00381,31-45,8078.23,9.88,14.09
CUST_00381,18-30,81873.05,3.09,47.65
CUST_00382,18-30,10868.18,1.04,22.34
CUST_00382,31-45,80494.21,1.76,57.22
CUST_00382,60+,86989.58,1.28,20.44
CUST_00383,46-60,126480.52,6.27,25.81
CUST_00383,60+,139829.57,3.51,74.19
CUST_00384,31-45,1486.7,3.99,34.64
CUST_00384,46-60,15426.71,7.45,22.72
CUST_00384,18-30,149588.96,4.75,42.64
CUST_00385,46-60,202749.8,5.28,76.09
CUST_00385,60+,63442.25,10.0,23.91
CUST_00386,60+,79573.37,8.28,51.77
CUST_00386,18-30,74659.0,8.46,48.22
CUST_00387,31-45,79347.69,7.76,13.87
CUST_00387,18-30,71355.76,9.06,33.27
CUST_00387,60+,89142.97,6.95,33.93
CUST_00387,46-60,68616.59,5.71,18.93
CUST_00388,31-45,143376.73,7.92,49.94
CUST_00388,60+,112035.61,5.74,50.06
CUST_00389,31-45,31365.43,4.37,14.59
CUST_00389,60+,93334.13,4.01,25.37
CUST_00389,46-60,8077.16,6.0,27.16
CUST_00389,18-30,33945.44,4.68,32.88
CUST_00390,46-60,53385.88,6.3,34.29
CUST_00390,60+,141642.09,5.6,65.72
CUST_00391,46-60,22123.28,3.15,50.82
CUST_00391,18-30,29107.84,6.29,34.78
CUST_00391,31-45,47934.99,1.82,14.4
CUST_00392,46-60,89459.61,7.75,80.56
CUST_00392,60+,12983.54,2.63,19.44
CUST_00393,18-30,153555.96,3.69,37.77
CUST_00393,60+,42005.04,3.55,19.62
CUST_00393,46-60,75418.78,6.0,42.62
CUST_00394,31-45,110120.24,1.85,66.73
CUST_00394,60+,111524.01,2.13,33.27
CUST_00395,46-60,163988.64,4.58,76.88
CUST_00395,60+,67807.92,4.76,23.12
CUST_00396,31-45,16911.41,7.05,27.84
CUST_00396,46-60,65761.96,8.28,7.03
CUST_00396,18-30,10682.53,6.92,38.91
CUST_00396,60+,28172.23,6.5,26.23
CUST_00397,31-45,191561.81,1.95,50.92
CUST_00397,60+,88136.88,5.83,28.73
CUST_00397,46-60,76089.96,3.6,20.35
CUST_00398,60+,101026.52,5.07,68.78
CUST_00398,31-45,112509.4,3.0,31.23
CUST_00399,18-30,17616.28,3.44,16.88
CUST_00399,31-45,113510.88,6.13,33.93
CUST_00399,46-60,27795.63,9.87,49.19
CUST_00400,31-45,160378.37,4.54,42.47
CUST_00400,60+,91972.04,2.43,6.0
CUST_00400,46-60,80935.09,5.24,51.53
CUST_00401,31-45,145503.6,4.24,84.56
CUST_00401,46-60,85096.4,1.29,15.43
CUST_00402,60+,104357.38,1.81,55.04
CUST_00402,18-30,69825.34,5.69,13.3
CUST_00402,46-60,86776.53,3.01,31.66
CUST_00403,60+,125170.76,7.4,24.14
CUST_00403,31-45,86366.71,1.42,22.95
CUST_00403,18-30,78274.41,3.29,52.91
CUST_00404,18-30,23338.21,9.23,19.4
CUST_00404,31-45,123925.09,3.85,36.53
CUST_00404,60+,45059.85,9.97,44.07
CUST_00405,46-60,126487.82,3.71,39.63
CUST_00405,31-45,64502.49,7.38,21.19
CUST_00405,60+,24248.83,9.22,39.17
CUST_00406,31-45,109219.96,6.46,38.68
CUST_00406,18-30,94129.49,5.0,21.21
CUST_00406,46-60,53261.61,3.32,40.11
CUST_00407,31-45,163036.43,4.72,52.26
CUST_00407,46-60,60584.61,6.67,47.74
CUST_00408,31-45,90989.66,6.19,50.97
CUST_00408,18-30,26066.71,7.92,37.89
CUST_00408,46-60,32211.54,3.34,11.14
CUST_00409,46-60,99414.21,2.69,52.22
CUST_00409,18-30,90033.26,5.12,47.77
CUST_00410,31-45,40516.26,5.89,50.97
CUST_00410,18-30,6179.74,8.56,37.26
CUST_00410,46-60,82417.59,1.78,11.77
CUST_00411,31-45,124692.73,5.32,78.65
CUST_00411,46-60,79563.36,4.21,21.35
CUST_00412,60+,9423.13,8.03,20.33
CUST_00412,31-45,99234.33,8.28,34.22
CUST_00412,18-30,21720.24,6.68,45.45
CUST_00413,31-45,33263.05,5.36,19.34
CUST_00413,46-60,145758.2,6.72,57.44
CUST_00413,60+,83888.6,8.04,23.22
CUST_00414,46-60,182588.71,2.79,53.67
CUST_00414,31-45,18549.43,5.17,23.2
CUST_00414,18-30,60722.3,1.67,23.13
CUST_00415,31-45,96458.37,8.89,6.75
CUST_00415,18-30,184854.78,5.46,76.64
CUST_00415,46-60,77352.68,4.78,16.61
CUST_00416,31-45,89201.14,9.59,33.74
CUST_00416,46-60,71575.33,3.21,41.11
CUST_00416,60+,60911.51,4.86,25.15
CUST_00417,60+,48966.79,9.1,6.58
CUST_00417,46-60,31103.91,6.63,9.03
CUST_00417,31-45,51493.09,1.94,31.78
CUST_00417,18-30,92923.5,4.03,52.6
CUST_00418,46-60,99143.34,8.97,13.8
CUST_00418,60+,6448.79,9.85,23.43
CUST_00418,18-30,100503.43,7.12,62.77
CUST_00419,18-30,114586.77,4.51,66.03
CUST_00419,31-45,28259.23,6.99,33.97
CUST_00420,60+,193722.87,5.41,100.0
CUST_00421,18-30,83582.8,5.05,42.41
CUST_00421,46-60,131404.32,5.58,57.59
CUST_00422,31-45,97430.4,3.31,33.72
CUST_00422,18-30,113914.14,2.01,24.03
CUST_00422,46-60,66046.04,9.68,42.25
CUST_00423,60+,46254.62,8.48,27.12
CUST_00423,46-60,44685.37,6.14,12.76
CUST_00423,31-45,75001.06,5.42,6.88
CUST_00423,18-30,36465.77,8.24,53.25
CUST_00424,18-30,57883.6,4.09,26.24
CUST_00424,31-45,134796.22,8.19,48.84
CUST_00424,60+,59110.03,6.17,24.92
CUST_00425,46-60,71019.75,5.33,53.25
CUST_00425,31-45,36649.83,8.05,29.94
CUST_00425,60+,42672.37,5.18,16.8
CUST_00426,18-30,140745.14,6.81,48.24
CUST_00426,31-45,80327.1,3.02,37.84
CUST_00426,60+,99347.28,1.92,13.92
CUST_00427,31-45,79541.07,3.33,57.17
CUST_00427,60+,56161.48,9.62,22.15
CUST_00427,18-30,27324.37,5.24,20.69
CUST_00428,31-45,66633.67,5.26,53.16
CUST_00428,60+,1861.26,8.3,19.43
CUST_00428,46-60,43599.97,7.57,27.41
CUST_00429,18-30,93058.11,4.38,17.59
CUST_00429,46-60,155766.1,4.94,58.6
CUST_00429,31-45,19470.24,3.56,23.81
CUST_00430,31-45,77965.71,9.22,23.05
CUST_00430,18-30,86077.59,6.31,48.1
CUST_00430,60+,24271.6,4.36,28.85
CUST_00431,60+,89743.26,1.48,28.34
CUST_00431,31-45,44101.17,4.59,37.86
CUST_00431,46-60,2882.23,6.41,18.31
CUST_00431,18-30,59079.09,8.97,15.49
CUST_00432,18-30,58690.19,7.15,34.32
CUST_00432,31-45,85442.78,9.6,37.0
CUST_00432,60+,71437.12,7.28,28.67
CUST_00433,60+,46872.99,3.78,13.84
CUST_00433,18-30,142314.65,4.89,22.61
CUST_00433,31-45,76168.32,5.51,63.56
CUST_00434,46-60,40603.3,5.91,30.74
CUST_00434,60+,157604.19,5.58,31.34
CUST_00434,31-45,23234.07,4.2,37.92
CUST_00435,31-45,12831.59,6.12,42.32
CUST_00435,60+,133747.06,8.91,57.68
CUST_00436,18-30,11049.77,5.64,10.22
CUST_00436,46-60,27755.75,5.05,40.11
CUST_00436,60+,11185.09,8.58,49.67
CUST_00437,18-30,8832.99,5.72,25.83
CUST_00437,60+,125732.13,7.4,55.55
CUST_00437,46-60,6472.72,7.41,18.63
CUST_00438,18-30,69929.22,5.38,49.9
CUST_00438,60+,74727.47,7.75,38.66
CUST_00438,31-45,41647.49,5.79,11.44
CUST_00439,60+,105250.7,7.25,34.72
CUST_00439,31-45,124563.12,5.22,65.27
CUST_00440,18-30,29393.27,8.52,23.53
CUST_00440,60+,145954.02,5.77,76.48
CUST_00441,60+,62198.81,3.41,61.71
CUST_00441,18-30,68285.62,8.04,18.32
CUST_00441,31-45,59848.8,2.16,19.97
CUST_00442,46-60,92645.06,6.37,100.0
CUST_00443,18-30,32537.71,1.22,9.4
CUST_00443,60+,96698.43,1.16,25.93
CUST_00443,31-45,19959.68,6.11,27.02
CUST_00443,46-60,73823.63,9.7,37.64
CUST_00444,46-60,160538.38,5.66,93.28
CUST_00444,18-30,99614.39,3.08,6.72
CUST_00445,46-60,27167.1,8.39,9.06
CUST_00445,18-30,23377.14,2.79,20.78
CUST_00445,31-45,111596.9,3.26,70.16
CUST_00446,18-30,70565.01,6.33,75.71
CUST_00446,60+,81951.81,9.1,10.84
CUST_00446,46-60,50104.51,9.53,13.45
CUST_00447,60+,124498.05,5.7,61.08
CUST_00447,31-45,61312.54,7.22,38.92
CUST_00448,46-60,80270.47,5.38,24.78
CUST_00448,18-30,58746.03,1.97,53.83
CUST_00448,31-45,8416.43,7.6,21.4
CUST_00449,46-60,79295.1,5.5,69.97
CUST_00449,60+,19570.03,4.29,30.03
CUST_00450,31-45,13108.23,3.96,27.48
CUST_00450,18-30,157936.0,7.9,51.88
CUST_00450,46-60,85531.72,9.2,20.64
CUST_00451,46-60,210798.64,4.77,65.91
CUST_00451,18-30,50390.14,6.6,34.09
CUST_00452,60+,15905.23,2.28,34.01
CUST_00452,46-60,58444.05,1.17,17.7
CUST_00452,31-45,8617.56,2.48,8.89
CUST_00452,18-30,67681.49,3.3,39.4
CUST_00453,60+,143468.89,3.29,52.73
CUST_00453,46-60,61357.02,7.71,30.81
CUST_00453,18-30,84145.79,3.91,16.47
CUST_00454,46-60,21324.83,1.95,85.44
CUST_00454,31-45,22270.56,6.8,6.51
CUST_00454,60+,51081.17,2.33,8.05
CUST_00455,18-30,74657.78,3.92,80.15
CUST_00455,46-60,64042.58,4.12,19.85
CUST_00456,31-45,39256.81,2.36,19.39
CUST_00456,18-30,29416.73,2.68,8.51
CUST_00456,46-60,73551.95,9.31,12.16
CUST_00456,60+,99864.92,1.9,59.95
CUST_00457,31-45,20299.01,5.72,28.1
CUST_00457,60+,152018.38,5.61,35.73
CUST_00457,18-30,40977.51,7.96,36.17
CUST_00458,31-45,11971.6,7.82,6.96
CUST_00458,18-30,32727.72,3.26,30.38
CUST_00458,60+,22944.23,8.99,36.5
CUST_00458,46-60,45638.22,4.57,26.17
CUST_00459,31-45,1933.79,5.26,21.65
CUST_00459,46-60,122044.84,7.55,49.93
CUST_00459,60+,37960.48,6.46,28.43
CUST_00460,60+,91639.44,9.26,5.8
CUST_00460,18-30,27099.12,4.1,29.63
CUST_00460,46-60,11373.58,6.54,64.58
CUST_00461,46-60,97980.23,7.2,45.71
CUST_00461,60+,133150.56,2.29,54.28
CUST_00462,31-45,150607.23,5.98,99.99
CUST_00463,46-60,41538.87,6.6,39.43
CUST_00463,18-30,22104.38,8.77,5.85
CUST_00463,60+,103142.59,6.88,54.71
CUST_00464,31-45,25747.53,4.78,58.96
CUST_00464,60+,72844.77,9.71,7.74
CUST_00464,18-30,47420.22,1.54,33.3
CUST_00465,18-30,32460.77,6.95,20.45
CUST_00465,46-60,64404.72,8.19,38.05
CUST_00465,60+,69318.63,2.53,41.49
CUST_00466,31-45,30716.2,1.26,20.3
CUST_00466,60+,128207.56,3.6,54.53
CUST_00466,18-30,50726.85,4.99,25.18
CUST_00467,60+,114394.06,6.23,52.2
CUST_00467,46-60,138407.67,5.0,47.79
CUST_00468,18-30,148931.41,5.45,64.29
CUST_00468,31-45,96678.87,6.92,35.72
CUST_00469,46-60,41828.55,3.31,30.2
CUST_00469,60+,42809.37,5.5,69.81
CUST_00470,60+,66422.14,4.51,39.76
CUST_00470,46-60,38068.2,5.54,8.36
CUST_00470,31-45,71254.58,5.55,51.89
CUST_00471,60+,62732.31,5.34,53.01
CUST_00471,31-45,33284.63,1.23,31.13
CUST_00471,18-30,39337.63,9.62,15.85
CUST_00472,31-45,148770.68,7.23,64.94
CUST_00472,18-30,75065.54,8.15,35.06
CUST_00473,31-45,156981.96,8.11,62.46
CUST_00473,60+,87708.83,8.02,37.54
CUST_00474,18-30,124407.98,7.18,46.55
CUST_00474,60+,86120.55,5.64,53.44
CUST_00475,46-60,6097.08,5.83,30.98
CUST_00475,18-30,64359.07,4.4,44.68
CUST_00475,31-45,31530.34,9.62,24.34
CUST_00476,18-30,55862.47,3.51,19.65
CUST_00476,60+,57828.59,5.42,64.11
CUST_00476,46-60,91802.51,9.24,16.24
CUST_00477,46-60,32163.01,7.15,28.84
CUST_00477,18-30,126060.1,6.12,62.92
CUST_00477,60+,54930.21,4.43,8.24
CUST_00478,60+,87144.0,3.03,36.01
CUST_00478,31-45,47351.69,5.07,29.74
CUST_00478,18-30,2242.06,6.54,34.25
CUST_00479,18-30,78611.82,5.61,27.12
CUST_00479,46-60,98674.39,3.18,33.97
CUST_00479,31-45,1194.38,2.0,38.92
CUST_00480,46-60,92195.13,5.21,17.98
CUST_00480,18-30,63744.14,9.7,19.44
CUST_00480,60+,22985.24,7.99,62.58
CUST_00481,46-60,49058.74,9.16,19.85
CUST_00481,31-45,90640.42,5.38,17.04
CUST_00481,18-30,155644.67,6.14,63.1
CUST_00482,60+,53328.25,5.55,37.67
CUST_00482,46-60,94621.13,4.31,43.91
CUST_00482,31-45,36297.64,3.82,18.43
CUST_00483,46-60,117387.78,6.35,41.95
CUST_00483,31-45,153537.48,2.98,58.05
CUST_00484,31-45,192803.39,7.9,44.83
CUST_00484,60+,19297.49,5.24,6.78
CUST_00484,18-30,66206.31,9.9,48.39
CUST_00485,46-60,71813.5,1.01,32.61
CUST_00485,18-30,127975.32,5.74,12.81
CUST_00485,60+,48565.06,6.97,54.58
CUST_00486,31-45,203180.94,5.38,66.61
CUST_00486,46-60,63607.93,9.58,33.4
CUST_00487,31-45,45768.01,4.93,50.84
CUST_00487,60+,98254.41,4.01,49.16
CUST_00488,18-30,75130.77,5.08,20.84
CUST_00488,31-45,132719.8,7.92,47.92
CUST_00488,60+,51454.62,8.62,31.25
CUST_00489,31-45,148479.91,5.36,69.63
CUST_00489,46-60,35582.97,8.76,30.37
CUST_00490,60+,79555.54,5.23,36.41
CUST_00490,46-60,85997.73,9.18,20.12
CUST_00490,31-45,32587.67,8.78,43.47
CUST_00491,31-45,20253.1,9.71,19.96
CUST_00491,18-30,172181.31,8.62,22.38
CUST_00491,60+,82332.91,6.71,57.67
CUST_00492,60+,58933.99,9.78,28.96
CUST_00492,46-60,54843.23,7.87,55.63
CUST_00492,31-45,30395.66,1.08,15.42
CUST_00493,31-45,108373.0,3.71,53.49
CUST_00493,60+,39007.88,1.33,6.03
CUST_00493,46-60,77298.61,6.5,40.48
CUST_00494,46-60,2562.7,9.09,33.03
CUST_00494,60+,74762.23,6.86,24.53
CUST_00494,31-45,25538.25,2.62,8.48
CUST_00494,18-30,14405.64,9.11,33.96
CUST_00495,18-30,39600.87,6.96,57.92
CUST_00495,60+,1277.41,8.49,20.34
CUST_00495,46-60,37839.79,3.4,21.73
CUST_00496,31-45,89426.87,1.88,53.14
CUST_00496,60+,100023.95,2.47,46.87
CUST_00497,31-45,92651.12,9.48,8.54
CUST_00497,18-30,123965.55,5.32,91.46
CUST_00498,31-45,199024.41,2.72,85.23
CUST_00498,46-60,86075.32,3.46,14.76
CUST_00499,31-45,240800.32,5.29,63.61
CUST_00499,18-30,22475.08,1.71,36.4
CUST_00500,46-60,20796.48,4.78,32.66
CUST_00500,31-45,102176.17,4.54,51.22
CUST_00500,18-30,3553.16,8.27,16.11
